-- phpMyAdmin SQL Dump
-- version 4.9.0.1
-- https://www.phpmyadmin.net/
--
-- Host: localhost:8889
-- Generation Time: Mar 26, 2020 at 11:28 AM
-- Server version: 5.7.26
-- PHP Version: 7.3.8

SET SQL_MODE = "NO_AUTO_VALUE_ON_ZERO";
SET time_zone = "+00:00";

--
-- Database: `boutique`
--
CREATE DATABASE IF NOT EXISTS `boutique` DEFAULT CHARACTER SET utf8 COLLATE utf8_general_ci;
USE `boutique`;

-- --------------------------------------------------------

--
-- Table structure for table `categorie`
--

CREATE TABLE `categorie` (
  `id` int(11) NOT NULL,
  `name` varchar(255) NOT NULL
) ENGINE=InnoDB DEFAULT CHARSET=utf8;

--
-- Dumping data for table `categorie`
--

INSERT INTO `categorie` (`id`, `name`) VALUES
(1, 'Objectifs'),
(2, 'Appareils Photo'),
(3, 'Accessoires');

-- --------------------------------------------------------

--
-- Table structure for table `commentaire`
--

CREATE TABLE `commentaire` (
  `id` int(11) NOT NULL,
  `commentaire` varchar(255) NOT NULL,
  `id_utilisateur` int(11) NOT NULL,
  `date` date NOT NULL
) ENGINE=InnoDB DEFAULT CHARSET=utf8;

-- --------------------------------------------------------

--
-- Table structure for table `favoris`
--

CREATE TABLE `favoris` (
  `id` int(11) NOT NULL,
  `id_produit` int(11) NOT NULL
) ENGINE=InnoDB DEFAULT CHARSET=utf8;

--
-- Dumping data for table `favoris`
--

INSERT INTO `favoris` (`id`, `id_produit`) VALUES
(1, 2),
(2, 33),
(3, 50),
(4, 57);

-- --------------------------------------------------------

--
-- Table structure for table `panier`
--

CREATE TABLE `panier` (
  `id` int(11) NOT NULL,
  `id_produit` int(11) NOT NULL,
  `prix total` int(11) NOT NULL
) ENGINE=MyISAM DEFAULT CHARSET=latin1;

-- --------------------------------------------------------

--
-- Table structure for table `produit`
--

CREATE TABLE `produit` (
  `id` int(11) NOT NULL,
  `nom` varchar(255) NOT NULL,
  `description` text NOT NULL,
  `prix_ht` varchar(255) NOT NULL,
  `prix_ttc` varchar(255) NOT NULL,
  `img_folder` varchar(255) NOT NULL,
  `img` varchar(255) NOT NULL,
  `id_categorie` int(11) NOT NULL
) ENGINE=MyISAM DEFAULT CHARSET=latin1;

--
-- Dumping data for table `produit`
--

INSERT INTO `produit` (`id`, `nom`, `description`, `prix_ht`, `prix_ttc`, `img_folder`, `img`, `id_categorie`) VALUES
(2, 'Canon 7D Mark II', 'La quête du cliché parfait\r\nConçu pour les amateurs de vitesse. Soyez le premier à capturer le moment le plus significatif et à saisir les instants qui échappent aux autres photographes. Que vous soyez branché photos ou vidéos, vous aurez l\'occasion d\'exprimer votre créativité comme jamais auparavant.\r\n\r\nNe manquez rien de l\'action, même la plus rapide\r\nImmortalisez le moment de votre choix, même au cœur de l\'action\r\n\r\n\r\nPrenez jusqu\'à 10 photos par seconde en rafale grâce aux fonctions d\'autofocus et d\'exposition automatique. La réactivité des commandes de l\'appareil photo vous offre la possibilité de capturer l\'instant souhaité à une fraction de seconde près ; une mémoire tampon de grande capacité vous permet de prendre des photos sans perte de performances.\r\n\r\nAutofocus large zone à 65 collimateurs\r\n\r\nPour une mise au point nette au cours de la prise de vue, les 65 collimateurs de l\'EOS 7D Mark II suivent les sujets se déplaçant rapidement. Chaque collimateur, « de type croisé »*, peut se verrouiller sur un détail horizontal ou vertical avec rapidité et précision. Pour optimiser la prise de vue en basse lumière, le 7D Mark II peut effectuer la mise au point, même à la lumière de la lune, lorsque la luminosité n\'est que de -3 IL (valeurs d\'exposition).\r\n\r\n* Le nombre de collimateurs AF, de collimateurs de type croisé et de doubles collimateurs AF de type croisé disponibles dépend de l\'objectif.', '1 199,99', '1 499,99', 'Image/Boutique/Boitier', '616N44gQfrL._AC_SX466_.png', 2),
(32, 'Canon 7D Mark II', 'La quête du cliché parfait\r\nConçu pour les amateurs de vitesse. Soyez le premier à capturer le moment le plus significatif et à saisir les instants qui échappent aux autres photographes. Que vous soyez branché photos ou vidéos, vous aurez l\'occasion d\'exprimer votre créativité comme jamais auparavant.\r\n\r\nNe manquez rien de l\'action, même la plus rapide\r\nImmortalisez le moment de votre choix, même au cœur de l\'action\r\n\r\n\r\nPrenez jusqu\'à 10 photos par seconde en rafale grâce aux fonctions d\'autofocus et d\'exposition automatique. La réactivité des commandes de l\'appareil photo vous offre la possibilité de capturer l\'instant souhaité à une fraction de seconde près ; une mémoire tampon de grande capacité vous permet de prendre des photos sans perte de performances.\r\n\r\nAutofocus large zone à 65 collimateurs\r\n\r\nPour une mise au point nette au cours de la prise de vue, les 65 collimateurs de l\'EOS 7D Mark II suivent les sujets se déplaçant rapidement. Chaque collimateur, « de type croisé »*, peut se verrouiller sur un détail horizontal ou vertical avec rapidité et précision. Pour optimiser la prise de vue en basse lumière, le 7D Mark II peut effectuer la mise au point, même à la lumière de la lune, lorsque la luminosité n\'est que de -3 IL (valeurs d\'exposition).\r\n\r\n* Le nombre de collimateurs AF, de collimateurs de type croisé et de doubles collimateurs AF de type croisé disponibles dépend de l\'objectif.', '1 199,99', '1 499,99', 'Image/Boutique/Boitier', '616N44gQfrL._AC_SX466_.png', 2),
(31, 'Canon 7D Mark II', 'La quête du cliché parfait\r\nConçu pour les amateurs de vitesse. Soyez le premier à capturer le moment le plus significatif et à saisir les instants qui échappent aux autres photographes. Que vous soyez branché photos ou vidéos, vous aurez l\'occasion d\'exprimer votre créativité comme jamais auparavant.\r\n\r\nNe manquez rien de l\'action, même la plus rapide\r\nImmortalisez le moment de votre choix, même au cœur de l\'action\r\n\r\n\r\nPrenez jusqu\'à 10 photos par seconde en rafale grâce aux fonctions d\'autofocus et d\'exposition automatique. La réactivité des commandes de l\'appareil photo vous offre la possibilité de capturer l\'instant souhaité à une fraction de seconde près ; une mémoire tampon de grande capacité vous permet de prendre des photos sans perte de performances.\r\n\r\nAutofocus large zone à 65 collimateurs\r\n\r\nPour une mise au point nette au cours de la prise de vue, les 65 collimateurs de l\'EOS 7D Mark II suivent les sujets se déplaçant rapidement. Chaque collimateur, « de type croisé »*, peut se verrouiller sur un détail horizontal ou vertical avec rapidité et précision. Pour optimiser la prise de vue en basse lumière, le 7D Mark II peut effectuer la mise au point, même à la lumière de la lune, lorsque la luminosité n\'est que de -3 IL (valeurs d\'exposition).\r\n\r\n* Le nombre de collimateurs AF, de collimateurs de type croisé et de doubles collimateurs AF de type croisé disponibles dépend de l\'objectif.', '1 199,99', '1 499,99', 'Image/Boutique/Boitier', '616N44gQfrL._AC_SX466_.png', 2),
(30, 'Canon 7D Mark II', 'La quête du cliché parfait\r\nConçu pour les amateurs de vitesse. Soyez le premier à capturer le moment le plus significatif et à saisir les instants qui échappent aux autres photographes. Que vous soyez branché photos ou vidéos, vous aurez l\'occasion d\'exprimer votre créativité comme jamais auparavant.\r\n\r\nNe manquez rien de l\'action, même la plus rapide\r\nImmortalisez le moment de votre choix, même au cœur de l\'action\r\n\r\n\r\nPrenez jusqu\'à 10 photos par seconde en rafale grâce aux fonctions d\'autofocus et d\'exposition automatique. La réactivité des commandes de l\'appareil photo vous offre la possibilité de capturer l\'instant souhaité à une fraction de seconde près ; une mémoire tampon de grande capacité vous permet de prendre des photos sans perte de performances.\r\n\r\nAutofocus large zone à 65 collimateurs\r\n\r\nPour une mise au point nette au cours de la prise de vue, les 65 collimateurs de l\'EOS 7D Mark II suivent les sujets se déplaçant rapidement. Chaque collimateur, « de type croisé »*, peut se verrouiller sur un détail horizontal ou vertical avec rapidité et précision. Pour optimiser la prise de vue en basse lumière, le 7D Mark II peut effectuer la mise au point, même à la lumière de la lune, lorsque la luminosité n\'est que de -3 IL (valeurs d\'exposition).\r\n\r\n* Le nombre de collimateurs AF, de collimateurs de type croisé et de doubles collimateurs AF de type croisé disponibles dépend de l\'objectif.', '1 199,99', '1 499,99', 'Image/Boutique/Boitier', '616N44gQfrL._AC_SX466_.png', 2),
(29, 'Canon 7D Mark II', 'La quête du cliché parfait\r\nConçu pour les amateurs de vitesse. Soyez le premier à capturer le moment le plus significatif et à saisir les instants qui échappent aux autres photographes. Que vous soyez branché photos ou vidéos, vous aurez l\'occasion d\'exprimer votre créativité comme jamais auparavant.\r\n\r\nNe manquez rien de l\'action, même la plus rapide\r\nImmortalisez le moment de votre choix, même au cœur de l\'action\r\n\r\n\r\nPrenez jusqu\'à 10 photos par seconde en rafale grâce aux fonctions d\'autofocus et d\'exposition automatique. La réactivité des commandes de l\'appareil photo vous offre la possibilité de capturer l\'instant souhaité à une fraction de seconde près ; une mémoire tampon de grande capacité vous permet de prendre des photos sans perte de performances.\r\n\r\nAutofocus large zone à 65 collimateurs\r\n\r\nPour une mise au point nette au cours de la prise de vue, les 65 collimateurs de l\'EOS 7D Mark II suivent les sujets se déplaçant rapidement. Chaque collimateur, « de type croisé »*, peut se verrouiller sur un détail horizontal ou vertical avec rapidité et précision. Pour optimiser la prise de vue en basse lumière, le 7D Mark II peut effectuer la mise au point, même à la lumière de la lune, lorsque la luminosité n\'est que de -3 IL (valeurs d\'exposition).\r\n\r\n* Le nombre de collimateurs AF, de collimateurs de type croisé et de doubles collimateurs AF de type croisé disponibles dépend de l\'objectif.', '1 199,99', '1 499,99', 'Image/Boutique/Boitier', '616N44gQfrL._AC_SX466_.png', 2),
(28, 'Canon 7D Mark II', 'La quête du cliché parfait\r\nConçu pour les amateurs de vitesse. Soyez le premier à capturer le moment le plus significatif et à saisir les instants qui échappent aux autres photographes. Que vous soyez branché photos ou vidéos, vous aurez l\'occasion d\'exprimer votre créativité comme jamais auparavant.\r\n\r\nNe manquez rien de l\'action, même la plus rapide\r\nImmortalisez le moment de votre choix, même au cœur de l\'action\r\n\r\n\r\nPrenez jusqu\'à 10 photos par seconde en rafale grâce aux fonctions d\'autofocus et d\'exposition automatique. La réactivité des commandes de l\'appareil photo vous offre la possibilité de capturer l\'instant souhaité à une fraction de seconde près ; une mémoire tampon de grande capacité vous permet de prendre des photos sans perte de performances.\r\n\r\nAutofocus large zone à 65 collimateurs\r\n\r\nPour une mise au point nette au cours de la prise de vue, les 65 collimateurs de l\'EOS 7D Mark II suivent les sujets se déplaçant rapidement. Chaque collimateur, « de type croisé »*, peut se verrouiller sur un détail horizontal ou vertical avec rapidité et précision. Pour optimiser la prise de vue en basse lumière, le 7D Mark II peut effectuer la mise au point, même à la lumière de la lune, lorsque la luminosité n\'est que de -3 IL (valeurs d\'exposition).\r\n\r\n* Le nombre de collimateurs AF, de collimateurs de type croisé et de doubles collimateurs AF de type croisé disponibles dépend de l\'objectif.', '1 199,99', '1 499,99', 'Image/Boutique/Boitier', '616N44gQfrL._AC_SX466_.png', 2),
(27, 'Canon 7D Mark II', 'La quête du cliché parfait\r\nConçu pour les amateurs de vitesse. Soyez le premier à capturer le moment le plus significatif et à saisir les instants qui échappent aux autres photographes. Que vous soyez branché photos ou vidéos, vous aurez l\'occasion d\'exprimer votre créativité comme jamais auparavant.\r\n\r\nNe manquez rien de l\'action, même la plus rapide\r\nImmortalisez le moment de votre choix, même au cœur de l\'action\r\n\r\n\r\nPrenez jusqu\'à 10 photos par seconde en rafale grâce aux fonctions d\'autofocus et d\'exposition automatique. La réactivité des commandes de l\'appareil photo vous offre la possibilité de capturer l\'instant souhaité à une fraction de seconde près ; une mémoire tampon de grande capacité vous permet de prendre des photos sans perte de performances.\r\n\r\nAutofocus large zone à 65 collimateurs\r\n\r\nPour une mise au point nette au cours de la prise de vue, les 65 collimateurs de l\'EOS 7D Mark II suivent les sujets se déplaçant rapidement. Chaque collimateur, « de type croisé »*, peut se verrouiller sur un détail horizontal ou vertical avec rapidité et précision. Pour optimiser la prise de vue en basse lumière, le 7D Mark II peut effectuer la mise au point, même à la lumière de la lune, lorsque la luminosité n\'est que de -3 IL (valeurs d\'exposition).\r\n\r\n* Le nombre de collimateurs AF, de collimateurs de type croisé et de doubles collimateurs AF de type croisé disponibles dépend de l\'objectif.', '1 199,99', '1 499,99', 'Image/Boutique/Boitier', '616N44gQfrL._AC_SX466_.png', 2),
(26, 'Canon 7D Mark II', 'La quête du cliché parfait\r\nConçu pour les amateurs de vitesse. Soyez le premier à capturer le moment le plus significatif et à saisir les instants qui échappent aux autres photographes. Que vous soyez branché photos ou vidéos, vous aurez l\'occasion d\'exprimer votre créativité comme jamais auparavant.\r\n\r\nNe manquez rien de l\'action, même la plus rapide\r\nImmortalisez le moment de votre choix, même au cœur de l\'action\r\n\r\n\r\nPrenez jusqu\'à 10 photos par seconde en rafale grâce aux fonctions d\'autofocus et d\'exposition automatique. La réactivité des commandes de l\'appareil photo vous offre la possibilité de capturer l\'instant souhaité à une fraction de seconde près ; une mémoire tampon de grande capacité vous permet de prendre des photos sans perte de performances.\r\n\r\nAutofocus large zone à 65 collimateurs\r\n\r\nPour une mise au point nette au cours de la prise de vue, les 65 collimateurs de l\'EOS 7D Mark II suivent les sujets se déplaçant rapidement. Chaque collimateur, « de type croisé »*, peut se verrouiller sur un détail horizontal ou vertical avec rapidité et précision. Pour optimiser la prise de vue en basse lumière, le 7D Mark II peut effectuer la mise au point, même à la lumière de la lune, lorsque la luminosité n\'est que de -3 IL (valeurs d\'exposition).\r\n\r\n* Le nombre de collimateurs AF, de collimateurs de type croisé et de doubles collimateurs AF de type croisé disponibles dépend de l\'objectif.', '1 199,99', '1 499,99', 'Image/Boutique/Boitier', '616N44gQfrL._AC_SX466_.png', 2),
(25, 'Canon 7D Mark II', 'La quête du cliché parfait\r\nConçu pour les amateurs de vitesse. Soyez le premier à capturer le moment le plus significatif et à saisir les instants qui échappent aux autres photographes. Que vous soyez branché photos ou vidéos, vous aurez l\'occasion d\'exprimer votre créativité comme jamais auparavant.\r\n\r\nNe manquez rien de l\'action, même la plus rapide\r\nImmortalisez le moment de votre choix, même au cœur de l\'action\r\n\r\n\r\nPrenez jusqu\'à 10 photos par seconde en rafale grâce aux fonctions d\'autofocus et d\'exposition automatique. La réactivité des commandes de l\'appareil photo vous offre la possibilité de capturer l\'instant souhaité à une fraction de seconde près ; une mémoire tampon de grande capacité vous permet de prendre des photos sans perte de performances.\r\n\r\nAutofocus large zone à 65 collimateurs\r\n\r\nPour une mise au point nette au cours de la prise de vue, les 65 collimateurs de l\'EOS 7D Mark II suivent les sujets se déplaçant rapidement. Chaque collimateur, « de type croisé »*, peut se verrouiller sur un détail horizontal ou vertical avec rapidité et précision. Pour optimiser la prise de vue en basse lumière, le 7D Mark II peut effectuer la mise au point, même à la lumière de la lune, lorsque la luminosité n\'est que de -3 IL (valeurs d\'exposition).\r\n\r\n* Le nombre de collimateurs AF, de collimateurs de type croisé et de doubles collimateurs AF de type croisé disponibles dépend de l\'objectif.', '1 199,99', '1 499,99', 'Image/Boutique/Boitier', '616N44gQfrL._AC_SX466_.png', 2),
(24, 'Canon 7D Mark II', 'La quête du cliché parfait\r\nConçu pour les amateurs de vitesse. Soyez le premier à capturer le moment le plus significatif et à saisir les instants qui échappent aux autres photographes. Que vous soyez branché photos ou vidéos, vous aurez l\'occasion d\'exprimer votre créativité comme jamais auparavant.\r\n\r\nNe manquez rien de l\'action, même la plus rapide\r\nImmortalisez le moment de votre choix, même au cœur de l\'action\r\n\r\n\r\nPrenez jusqu\'à 10 photos par seconde en rafale grâce aux fonctions d\'autofocus et d\'exposition automatique. La réactivité des commandes de l\'appareil photo vous offre la possibilité de capturer l\'instant souhaité à une fraction de seconde près ; une mémoire tampon de grande capacité vous permet de prendre des photos sans perte de performances.\r\n\r\nAutofocus large zone à 65 collimateurs\r\n\r\nPour une mise au point nette au cours de la prise de vue, les 65 collimateurs de l\'EOS 7D Mark II suivent les sujets se déplaçant rapidement. Chaque collimateur, « de type croisé »*, peut se verrouiller sur un détail horizontal ou vertical avec rapidité et précision. Pour optimiser la prise de vue en basse lumière, le 7D Mark II peut effectuer la mise au point, même à la lumière de la lune, lorsque la luminosité n\'est que de -3 IL (valeurs d\'exposition).\r\n\r\n* Le nombre de collimateurs AF, de collimateurs de type croisé et de doubles collimateurs AF de type croisé disponibles dépend de l\'objectif.', '1 199,99', '1 499,99', 'Image/Boutique/Boitier', '616N44gQfrL._AC_SX466_.png', 2),
(23, 'Canon 7D Mark II', 'La quête du cliché parfait\r\nConçu pour les amateurs de vitesse. Soyez le premier à capturer le moment le plus significatif et à saisir les instants qui échappent aux autres photographes. Que vous soyez branché photos ou vidéos, vous aurez l\'occasion d\'exprimer votre créativité comme jamais auparavant.\r\n\r\nNe manquez rien de l\'action, même la plus rapide\r\nImmortalisez le moment de votre choix, même au cœur de l\'action\r\n\r\n\r\nPrenez jusqu\'à 10 photos par seconde en rafale grâce aux fonctions d\'autofocus et d\'exposition automatique. La réactivité des commandes de l\'appareil photo vous offre la possibilité de capturer l\'instant souhaité à une fraction de seconde près ; une mémoire tampon de grande capacité vous permet de prendre des photos sans perte de performances.\r\n\r\nAutofocus large zone à 65 collimateurs\r\n\r\nPour une mise au point nette au cours de la prise de vue, les 65 collimateurs de l\'EOS 7D Mark II suivent les sujets se déplaçant rapidement. Chaque collimateur, « de type croisé »*, peut se verrouiller sur un détail horizontal ou vertical avec rapidité et précision. Pour optimiser la prise de vue en basse lumière, le 7D Mark II peut effectuer la mise au point, même à la lumière de la lune, lorsque la luminosité n\'est que de -3 IL (valeurs d\'exposition).\r\n\r\n* Le nombre de collimateurs AF, de collimateurs de type croisé et de doubles collimateurs AF de type croisé disponibles dépend de l\'objectif.', '1 199,99', '1 499,99', 'Image/Boutique/Boitier', '616N44gQfrL._AC_SX466_.png', 2),
(22, 'Canon 7D Mark II', 'La quête du cliché parfait\r\nConçu pour les amateurs de vitesse. Soyez le premier à capturer le moment le plus significatif et à saisir les instants qui échappent aux autres photographes. Que vous soyez branché photos ou vidéos, vous aurez l\'occasion d\'exprimer votre créativité comme jamais auparavant.\r\n\r\nNe manquez rien de l\'action, même la plus rapide\r\nImmortalisez le moment de votre choix, même au cœur de l\'action\r\n\r\n\r\nPrenez jusqu\'à 10 photos par seconde en rafale grâce aux fonctions d\'autofocus et d\'exposition automatique. La réactivité des commandes de l\'appareil photo vous offre la possibilité de capturer l\'instant souhaité à une fraction de seconde près ; une mémoire tampon de grande capacité vous permet de prendre des photos sans perte de performances.\r\n\r\nAutofocus large zone à 65 collimateurs\r\n\r\nPour une mise au point nette au cours de la prise de vue, les 65 collimateurs de l\'EOS 7D Mark II suivent les sujets se déplaçant rapidement. Chaque collimateur, « de type croisé »*, peut se verrouiller sur un détail horizontal ou vertical avec rapidité et précision. Pour optimiser la prise de vue en basse lumière, le 7D Mark II peut effectuer la mise au point, même à la lumière de la lune, lorsque la luminosité n\'est que de -3 IL (valeurs d\'exposition).\r\n\r\n* Le nombre de collimateurs AF, de collimateurs de type croisé et de doubles collimateurs AF de type croisé disponibles dépend de l\'objectif.', '1 199,99', '1 499,99', 'Image/Boutique/Boitier', '616N44gQfrL._AC_SX466_.png', 2),
(21, 'Canon 7D Mark II', 'La quête du cliché parfait\r\nConçu pour les amateurs de vitesse. Soyez le premier à capturer le moment le plus significatif et à saisir les instants qui échappent aux autres photographes. Que vous soyez branché photos ou vidéos, vous aurez l\'occasion d\'exprimer votre créativité comme jamais auparavant.\r\n\r\nNe manquez rien de l\'action, même la plus rapide\r\nImmortalisez le moment de votre choix, même au cœur de l\'action\r\n\r\n\r\nPrenez jusqu\'à 10 photos par seconde en rafale grâce aux fonctions d\'autofocus et d\'exposition automatique. La réactivité des commandes de l\'appareil photo vous offre la possibilité de capturer l\'instant souhaité à une fraction de seconde près ; une mémoire tampon de grande capacité vous permet de prendre des photos sans perte de performances.\r\n\r\nAutofocus large zone à 65 collimateurs\r\n\r\nPour une mise au point nette au cours de la prise de vue, les 65 collimateurs de l\'EOS 7D Mark II suivent les sujets se déplaçant rapidement. Chaque collimateur, « de type croisé »*, peut se verrouiller sur un détail horizontal ou vertical avec rapidité et précision. Pour optimiser la prise de vue en basse lumière, le 7D Mark II peut effectuer la mise au point, même à la lumière de la lune, lorsque la luminosité n\'est que de -3 IL (valeurs d\'exposition).\r\n\r\n* Le nombre de collimateurs AF, de collimateurs de type croisé et de doubles collimateurs AF de type croisé disponibles dépend de l\'objectif.', '1 199,99', '1 499,99', 'Image/Boutique/Boitier', '616N44gQfrL._AC_SX466_.png', 2),
(20, 'Canon 7D Mark II', 'La quête du cliché parfait\r\nConçu pour les amateurs de vitesse. Soyez le premier à capturer le moment le plus significatif et à saisir les instants qui échappent aux autres photographes. Que vous soyez branché photos ou vidéos, vous aurez l\'occasion d\'exprimer votre créativité comme jamais auparavant.\r\n\r\nNe manquez rien de l\'action, même la plus rapide\r\nImmortalisez le moment de votre choix, même au cœur de l\'action\r\n\r\n\r\nPrenez jusqu\'à 10 photos par seconde en rafale grâce aux fonctions d\'autofocus et d\'exposition automatique. La réactivité des commandes de l\'appareil photo vous offre la possibilité de capturer l\'instant souhaité à une fraction de seconde près ; une mémoire tampon de grande capacité vous permet de prendre des photos sans perte de performances.\r\n\r\nAutofocus large zone à 65 collimateurs\r\n\r\nPour une mise au point nette au cours de la prise de vue, les 65 collimateurs de l\'EOS 7D Mark II suivent les sujets se déplaçant rapidement. Chaque collimateur, « de type croisé »*, peut se verrouiller sur un détail horizontal ou vertical avec rapidité et précision. Pour optimiser la prise de vue en basse lumière, le 7D Mark II peut effectuer la mise au point, même à la lumière de la lune, lorsque la luminosité n\'est que de -3 IL (valeurs d\'exposition).\r\n\r\n* Le nombre de collimateurs AF, de collimateurs de type croisé et de doubles collimateurs AF de type croisé disponibles dépend de l\'objectif.', '1 199,99', '1 499,99', 'Image/Boutique/Boitier', '616N44gQfrL._AC_SX466_.png', 2),
(19, 'Canon 7D Mark II', 'La quête du cliché parfait\r\nConçu pour les amateurs de vitesse. Soyez le premier à capturer le moment le plus significatif et à saisir les instants qui échappent aux autres photographes. Que vous soyez branché photos ou vidéos, vous aurez l\'occasion d\'exprimer votre créativité comme jamais auparavant.\r\n\r\nNe manquez rien de l\'action, même la plus rapide\r\nImmortalisez le moment de votre choix, même au cœur de l\'action\r\n\r\n\r\nPrenez jusqu\'à 10 photos par seconde en rafale grâce aux fonctions d\'autofocus et d\'exposition automatique. La réactivité des commandes de l\'appareil photo vous offre la possibilité de capturer l\'instant souhaité à une fraction de seconde près ; une mémoire tampon de grande capacité vous permet de prendre des photos sans perte de performances.\r\n\r\nAutofocus large zone à 65 collimateurs\r\n\r\nPour une mise au point nette au cours de la prise de vue, les 65 collimateurs de l\'EOS 7D Mark II suivent les sujets se déplaçant rapidement. Chaque collimateur, « de type croisé »*, peut se verrouiller sur un détail horizontal ou vertical avec rapidité et précision. Pour optimiser la prise de vue en basse lumière, le 7D Mark II peut effectuer la mise au point, même à la lumière de la lune, lorsque la luminosité n\'est que de -3 IL (valeurs d\'exposition).\r\n\r\n* Le nombre de collimateurs AF, de collimateurs de type croisé et de doubles collimateurs AF de type croisé disponibles dépend de l\'objectif.', '1 199,99', '1 499,99', 'Image/Boutique/Boitier', '616N44gQfrL._AC_SX466_.png', 2),
(18, 'Canon 7D Mark II', 'La quête du cliché parfait\r\nConçu pour les amateurs de vitesse. Soyez le premier à capturer le moment le plus significatif et à saisir les instants qui échappent aux autres photographes. Que vous soyez branché photos ou vidéos, vous aurez l\'occasion d\'exprimer votre créativité comme jamais auparavant.\r\n\r\nNe manquez rien de l\'action, même la plus rapide\r\nImmortalisez le moment de votre choix, même au cœur de l\'action\r\n\r\n\r\nPrenez jusqu\'à 10 photos par seconde en rafale grâce aux fonctions d\'autofocus et d\'exposition automatique. La réactivité des commandes de l\'appareil photo vous offre la possibilité de capturer l\'instant souhaité à une fraction de seconde près ; une mémoire tampon de grande capacité vous permet de prendre des photos sans perte de performances.\r\n\r\nAutofocus large zone à 65 collimateurs\r\n\r\nPour une mise au point nette au cours de la prise de vue, les 65 collimateurs de l\'EOS 7D Mark II suivent les sujets se déplaçant rapidement. Chaque collimateur, « de type croisé »*, peut se verrouiller sur un détail horizontal ou vertical avec rapidité et précision. Pour optimiser la prise de vue en basse lumière, le 7D Mark II peut effectuer la mise au point, même à la lumière de la lune, lorsque la luminosité n\'est que de -3 IL (valeurs d\'exposition).\r\n\r\n* Le nombre de collimateurs AF, de collimateurs de type croisé et de doubles collimateurs AF de type croisé disponibles dépend de l\'objectif.', '1 199,99', '1 499,99', 'Image/Boutique/Boitier', '616N44gQfrL._AC_SX466_.png', 2),
(33, 'Sigma ART 18-35 mm f/1.8 DC HSM', 'Un objectif unique : la qualité de trois belles focales fixes, le coté pratique d\'un zoom\r\n\r\nCe zoom standard pour capteur APS-C est le tout premier au monde à offrir une ouverture maximale de F1,8 sur toute la plage de focales. Digne représentant de la ligne Art, sa conception a été développée dans le but de proposer le plus haut niveau de performance optique et un pouvoir créatif sans égal. C\'est le premier zoom au monde à proposer une telle ouverture de F1.8 et une qualité d\'image digne des meilleures focales fixes de la ligne Art par SIGMA.\r\n\r\nOptimisé pour les reflex à capteur APS-C\r\nZoom standard lumineux à ouverture constante\r\nPersonnalisable via la nouvelle station d\'accueil exclusive SIGMA USB DOCK\r\nUn objectif parfaitement adapté à la vidéo sur reflex et hybride et apprécié des vidéastes\r\n“Made in Japan”\r\n\r\nTout le processus de fabrication de Sigma, des moules de fabrication à l\'usinage des différentes pièces, est entièrement assuré, à de rares exceptions près, au Japon dans notre unité de production intégrée.Nous sommes l\'un des rares fabricants dont les produits sont tous \"made in Japan\". Nous voulons croire que nos produits sont d\'une certaine manière imprégnés de ce qui fait notre terre d\'origine, avec son air pur, son eau limpide et son peuple dur à la tâche. Nous sommes fiers de la qualité authentique des produits Sigma, nés du mariage d\'une longue expertise et des technologies les plus sophistiquées. Nos produits satisfont les professionnels et les passionnés de la photographie partout dans le monde parce que notre production s\'appuie sur un état d\'esprit artisanal qu\'étayent la passion et l\'engagement de nos experts', '575,992', '719,99', 'Image/Boutique/Objectif', '18-35-ART-DC-HSM-f1-42.8.png', 1),
(34, 'Sigma ART 18-35 mm f/1.8 DC HSM', 'Un objectif unique : la qualité de trois belles focales fixes, le coté pratique d\'un zoom\r\n\r\nCe zoom standard pour capteur APS-C est le tout premier au monde à offrir une ouverture maximale de F1,8 sur toute la plage de focales. Digne représentant de la ligne Art, sa conception a été développée dans le but de proposer le plus haut niveau de performance optique et un pouvoir créatif sans égal. C\'est le premier zoom au monde à proposer une telle ouverture de F1.8 et une qualité d\'image digne des meilleures focales fixes de la ligne Art par SIGMA.\r\n\r\nOptimisé pour les reflex à capteur APS-C\r\nZoom standard lumineux à ouverture constante\r\nPersonnalisable via la nouvelle station d\'accueil exclusive SIGMA USB DOCK\r\nUn objectif parfaitement adapté à la vidéo sur reflex et hybride et apprécié des vidéastes\r\n“Made in Japan”\r\n\r\nTout le processus de fabrication de Sigma, des moules de fabrication à l\'usinage des différentes pièces, est entièrement assuré, à de rares exceptions près, au Japon dans notre unité de production intégrée.Nous sommes l\'un des rares fabricants dont les produits sont tous \"made in Japan\". Nous voulons croire que nos produits sont d\'une certaine manière imprégnés de ce qui fait notre terre d\'origine, avec son air pur, son eau limpide et son peuple dur à la tâche. Nous sommes fiers de la qualité authentique des produits Sigma, nés du mariage d\'une longue expertise et des technologies les plus sophistiquées. Nos produits satisfont les professionnels et les passionnés de la photographie partout dans le monde parce que notre production s\'appuie sur un état d\'esprit artisanal qu\'étayent la passion et l\'engagement de nos experts', '575,992', '719,99', 'Image/Boutique/Objectif', '18-35-ART-DC-HSM-f1-42.8.png', 1),
(35, 'Sigma ART 18-35 mm f/1.8 DC HSM', 'Un objectif unique : la qualité de trois belles focales fixes, le coté pratique d\'un zoom\r\n\r\nCe zoom standard pour capteur APS-C est le tout premier au monde à offrir une ouverture maximale de F1,8 sur toute la plage de focales. Digne représentant de la ligne Art, sa conception a été développée dans le but de proposer le plus haut niveau de performance optique et un pouvoir créatif sans égal. C\'est le premier zoom au monde à proposer une telle ouverture de F1.8 et une qualité d\'image digne des meilleures focales fixes de la ligne Art par SIGMA.\r\n\r\nOptimisé pour les reflex à capteur APS-C\r\nZoom standard lumineux à ouverture constante\r\nPersonnalisable via la nouvelle station d\'accueil exclusive SIGMA USB DOCK\r\nUn objectif parfaitement adapté à la vidéo sur reflex et hybride et apprécié des vidéastes\r\n“Made in Japan”\r\n\r\nTout le processus de fabrication de Sigma, des moules de fabrication à l\'usinage des différentes pièces, est entièrement assuré, à de rares exceptions près, au Japon dans notre unité de production intégrée.Nous sommes l\'un des rares fabricants dont les produits sont tous \"made in Japan\". Nous voulons croire que nos produits sont d\'une certaine manière imprégnés de ce qui fait notre terre d\'origine, avec son air pur, son eau limpide et son peuple dur à la tâche. Nous sommes fiers de la qualité authentique des produits Sigma, nés du mariage d\'une longue expertise et des technologies les plus sophistiquées. Nos produits satisfont les professionnels et les passionnés de la photographie partout dans le monde parce que notre production s\'appuie sur un état d\'esprit artisanal qu\'étayent la passion et l\'engagement de nos experts', '575,992', '719,99', 'Image/Boutique/Objectif', '18-35-ART-DC-HSM-f1-42.8.png', 1),
(36, 'Sigma ART 18-35 mm f/1.8 DC HSM', 'Un objectif unique : la qualité de trois belles focales fixes, le coté pratique d\'un zoom\r\n\r\nCe zoom standard pour capteur APS-C est le tout premier au monde à offrir une ouverture maximale de F1,8 sur toute la plage de focales. Digne représentant de la ligne Art, sa conception a été développée dans le but de proposer le plus haut niveau de performance optique et un pouvoir créatif sans égal. C\'est le premier zoom au monde à proposer une telle ouverture de F1.8 et une qualité d\'image digne des meilleures focales fixes de la ligne Art par SIGMA.\r\n\r\nOptimisé pour les reflex à capteur APS-C\r\nZoom standard lumineux à ouverture constante\r\nPersonnalisable via la nouvelle station d\'accueil exclusive SIGMA USB DOCK\r\nUn objectif parfaitement adapté à la vidéo sur reflex et hybride et apprécié des vidéastes\r\n“Made in Japan”\r\n\r\nTout le processus de fabrication de Sigma, des moules de fabrication à l\'usinage des différentes pièces, est entièrement assuré, à de rares exceptions près, au Japon dans notre unité de production intégrée.Nous sommes l\'un des rares fabricants dont les produits sont tous \"made in Japan\". Nous voulons croire que nos produits sont d\'une certaine manière imprégnés de ce qui fait notre terre d\'origine, avec son air pur, son eau limpide et son peuple dur à la tâche. Nous sommes fiers de la qualité authentique des produits Sigma, nés du mariage d\'une longue expertise et des technologies les plus sophistiquées. Nos produits satisfont les professionnels et les passionnés de la photographie partout dans le monde parce que notre production s\'appuie sur un état d\'esprit artisanal qu\'étayent la passion et l\'engagement de nos experts', '575,992', '719,99', 'Image/Boutique/Objectif', '18-35-ART-DC-HSM-f1-42.8.png', 1),
(37, 'Sigma ART 18-35 mm f/1.8 DC HSM', 'Un objectif unique : la qualité de trois belles focales fixes, le coté pratique d\'un zoom\r\n\r\nCe zoom standard pour capteur APS-C est le tout premier au monde à offrir une ouverture maximale de F1,8 sur toute la plage de focales. Digne représentant de la ligne Art, sa conception a été développée dans le but de proposer le plus haut niveau de performance optique et un pouvoir créatif sans égal. C\'est le premier zoom au monde à proposer une telle ouverture de F1.8 et une qualité d\'image digne des meilleures focales fixes de la ligne Art par SIGMA.\r\n\r\nOptimisé pour les reflex à capteur APS-C\r\nZoom standard lumineux à ouverture constante\r\nPersonnalisable via la nouvelle station d\'accueil exclusive SIGMA USB DOCK\r\nUn objectif parfaitement adapté à la vidéo sur reflex et hybride et apprécié des vidéastes\r\n“Made in Japan”\r\n\r\nTout le processus de fabrication de Sigma, des moules de fabrication à l\'usinage des différentes pièces, est entièrement assuré, à de rares exceptions près, au Japon dans notre unité de production intégrée.Nous sommes l\'un des rares fabricants dont les produits sont tous \"made in Japan\". Nous voulons croire que nos produits sont d\'une certaine manière imprégnés de ce qui fait notre terre d\'origine, avec son air pur, son eau limpide et son peuple dur à la tâche. Nous sommes fiers de la qualité authentique des produits Sigma, nés du mariage d\'une longue expertise et des technologies les plus sophistiquées. Nos produits satisfont les professionnels et les passionnés de la photographie partout dans le monde parce que notre production s\'appuie sur un état d\'esprit artisanal qu\'étayent la passion et l\'engagement de nos experts', '575,992', '719,99', 'Image/Boutique/Objectif', '18-35-ART-DC-HSM-f1-42.8.png', 1),
(38, 'Sigma ART 18-35 mm f/1.8 DC HSM', 'Un objectif unique : la qualité de trois belles focales fixes, le coté pratique d\'un zoom\r\n\r\nCe zoom standard pour capteur APS-C est le tout premier au monde à offrir une ouverture maximale de F1,8 sur toute la plage de focales. Digne représentant de la ligne Art, sa conception a été développée dans le but de proposer le plus haut niveau de performance optique et un pouvoir créatif sans égal. C\'est le premier zoom au monde à proposer une telle ouverture de F1.8 et une qualité d\'image digne des meilleures focales fixes de la ligne Art par SIGMA.\r\n\r\nOptimisé pour les reflex à capteur APS-C\r\nZoom standard lumineux à ouverture constante\r\nPersonnalisable via la nouvelle station d\'accueil exclusive SIGMA USB DOCK\r\nUn objectif parfaitement adapté à la vidéo sur reflex et hybride et apprécié des vidéastes\r\n“Made in Japan”\r\n\r\nTout le processus de fabrication de Sigma, des moules de fabrication à l\'usinage des différentes pièces, est entièrement assuré, à de rares exceptions près, au Japon dans notre unité de production intégrée.Nous sommes l\'un des rares fabricants dont les produits sont tous \"made in Japan\". Nous voulons croire que nos produits sont d\'une certaine manière imprégnés de ce qui fait notre terre d\'origine, avec son air pur, son eau limpide et son peuple dur à la tâche. Nous sommes fiers de la qualité authentique des produits Sigma, nés du mariage d\'une longue expertise et des technologies les plus sophistiquées. Nos produits satisfont les professionnels et les passionnés de la photographie partout dans le monde parce que notre production s\'appuie sur un état d\'esprit artisanal qu\'étayent la passion et l\'engagement de nos experts', '575,992', '719,99', 'Image/Boutique/Objectif', '18-35-ART-DC-HSM-f1-42.8.png', 1),
(39, 'Sigma ART 18-35 mm f/1.8 DC HSM', 'Un objectif unique : la qualité de trois belles focales fixes, le coté pratique d\'un zoom\r\n\r\nCe zoom standard pour capteur APS-C est le tout premier au monde à offrir une ouverture maximale de F1,8 sur toute la plage de focales. Digne représentant de la ligne Art, sa conception a été développée dans le but de proposer le plus haut niveau de performance optique et un pouvoir créatif sans égal. C\'est le premier zoom au monde à proposer une telle ouverture de F1.8 et une qualité d\'image digne des meilleures focales fixes de la ligne Art par SIGMA.\r\n\r\nOptimisé pour les reflex à capteur APS-C\r\nZoom standard lumineux à ouverture constante\r\nPersonnalisable via la nouvelle station d\'accueil exclusive SIGMA USB DOCK\r\nUn objectif parfaitement adapté à la vidéo sur reflex et hybride et apprécié des vidéastes\r\n“Made in Japan”\r\n\r\nTout le processus de fabrication de Sigma, des moules de fabrication à l\'usinage des différentes pièces, est entièrement assuré, à de rares exceptions près, au Japon dans notre unité de production intégrée.Nous sommes l\'un des rares fabricants dont les produits sont tous \"made in Japan\". Nous voulons croire que nos produits sont d\'une certaine manière imprégnés de ce qui fait notre terre d\'origine, avec son air pur, son eau limpide et son peuple dur à la tâche. Nous sommes fiers de la qualité authentique des produits Sigma, nés du mariage d\'une longue expertise et des technologies les plus sophistiquées. Nos produits satisfont les professionnels et les passionnés de la photographie partout dans le monde parce que notre production s\'appuie sur un état d\'esprit artisanal qu\'étayent la passion et l\'engagement de nos experts', '575,992', '719,99', 'Image/Boutique/Objectif', '18-35-ART-DC-HSM-f1-42.8.png', 1),
(40, 'Sigma ART 18-35 mm f/1.8 DC HSM', 'Un objectif unique : la qualité de trois belles focales fixes, le coté pratique d\'un zoom\r\n\r\nCe zoom standard pour capteur APS-C est le tout premier au monde à offrir une ouverture maximale de F1,8 sur toute la plage de focales. Digne représentant de la ligne Art, sa conception a été développée dans le but de proposer le plus haut niveau de performance optique et un pouvoir créatif sans égal. C\'est le premier zoom au monde à proposer une telle ouverture de F1.8 et une qualité d\'image digne des meilleures focales fixes de la ligne Art par SIGMA.\r\n\r\nOptimisé pour les reflex à capteur APS-C\r\nZoom standard lumineux à ouverture constante\r\nPersonnalisable via la nouvelle station d\'accueil exclusive SIGMA USB DOCK\r\nUn objectif parfaitement adapté à la vidéo sur reflex et hybride et apprécié des vidéastes\r\n“Made in Japan”\r\n\r\nTout le processus de fabrication de Sigma, des moules de fabrication à l\'usinage des différentes pièces, est entièrement assuré, à de rares exceptions près, au Japon dans notre unité de production intégrée.Nous sommes l\'un des rares fabricants dont les produits sont tous \"made in Japan\". Nous voulons croire que nos produits sont d\'une certaine manière imprégnés de ce qui fait notre terre d\'origine, avec son air pur, son eau limpide et son peuple dur à la tâche. Nous sommes fiers de la qualité authentique des produits Sigma, nés du mariage d\'une longue expertise et des technologies les plus sophistiquées. Nos produits satisfont les professionnels et les passionnés de la photographie partout dans le monde parce que notre production s\'appuie sur un état d\'esprit artisanal qu\'étayent la passion et l\'engagement de nos experts', '575,992', '719,99', 'Image/Boutique/Objectif', '18-35-ART-DC-HSM-f1-42.8.png', 1),
(41, 'Sigma ART 18-35 mm f/1.8 DC HSM', 'Un objectif unique : la qualité de trois belles focales fixes, le coté pratique d\'un zoom\r\n\r\nCe zoom standard pour capteur APS-C est le tout premier au monde à offrir une ouverture maximale de F1,8 sur toute la plage de focales. Digne représentant de la ligne Art, sa conception a été développée dans le but de proposer le plus haut niveau de performance optique et un pouvoir créatif sans égal. C\'est le premier zoom au monde à proposer une telle ouverture de F1.8 et une qualité d\'image digne des meilleures focales fixes de la ligne Art par SIGMA.\r\n\r\nOptimisé pour les reflex à capteur APS-C\r\nZoom standard lumineux à ouverture constante\r\nPersonnalisable via la nouvelle station d\'accueil exclusive SIGMA USB DOCK\r\nUn objectif parfaitement adapté à la vidéo sur reflex et hybride et apprécié des vidéastes\r\n“Made in Japan”\r\n\r\nTout le processus de fabrication de Sigma, des moules de fabrication à l\'usinage des différentes pièces, est entièrement assuré, à de rares exceptions près, au Japon dans notre unité de production intégrée.Nous sommes l\'un des rares fabricants dont les produits sont tous \"made in Japan\". Nous voulons croire que nos produits sont d\'une certaine manière imprégnés de ce qui fait notre terre d\'origine, avec son air pur, son eau limpide et son peuple dur à la tâche. Nous sommes fiers de la qualité authentique des produits Sigma, nés du mariage d\'une longue expertise et des technologies les plus sophistiquées. Nos produits satisfont les professionnels et les passionnés de la photographie partout dans le monde parce que notre production s\'appuie sur un état d\'esprit artisanal qu\'étayent la passion et l\'engagement de nos experts', '575,992', '719,99', 'Image/Boutique/Objectif', '18-35-ART-DC-HSM-f1-42.8.png', 1),
(42, 'Sigma ART 18-35 mm f/1.8 DC HSM', 'Un objectif unique : la qualité de trois belles focales fixes, le coté pratique d\'un zoom\r\n\r\nCe zoom standard pour capteur APS-C est le tout premier au monde à offrir une ouverture maximale de F1,8 sur toute la plage de focales. Digne représentant de la ligne Art, sa conception a été développée dans le but de proposer le plus haut niveau de performance optique et un pouvoir créatif sans égal. C\'est le premier zoom au monde à proposer une telle ouverture de F1.8 et une qualité d\'image digne des meilleures focales fixes de la ligne Art par SIGMA.\r\n\r\nOptimisé pour les reflex à capteur APS-C\r\nZoom standard lumineux à ouverture constante\r\nPersonnalisable via la nouvelle station d\'accueil exclusive SIGMA USB DOCK\r\nUn objectif parfaitement adapté à la vidéo sur reflex et hybride et apprécié des vidéastes\r\n“Made in Japan”\r\n\r\nTout le processus de fabrication de Sigma, des moules de fabrication à l\'usinage des différentes pièces, est entièrement assuré, à de rares exceptions près, au Japon dans notre unité de production intégrée.Nous sommes l\'un des rares fabricants dont les produits sont tous \"made in Japan\". Nous voulons croire que nos produits sont d\'une certaine manière imprégnés de ce qui fait notre terre d\'origine, avec son air pur, son eau limpide et son peuple dur à la tâche. Nous sommes fiers de la qualité authentique des produits Sigma, nés du mariage d\'une longue expertise et des technologies les plus sophistiquées. Nos produits satisfont les professionnels et les passionnés de la photographie partout dans le monde parce que notre production s\'appuie sur un état d\'esprit artisanal qu\'étayent la passion et l\'engagement de nos experts', '575,992', '719,99', 'Image/Boutique/Objectif', '18-35-ART-DC-HSM-f1-42.8.png', 1),
(43, 'Sigma ART 18-35 mm f/1.8 DC HSM', 'Un objectif unique : la qualité de trois belles focales fixes, le coté pratique d\'un zoom\r\n\r\nCe zoom standard pour capteur APS-C est le tout premier au monde à offrir une ouverture maximale de F1,8 sur toute la plage de focales. Digne représentant de la ligne Art, sa conception a été développée dans le but de proposer le plus haut niveau de performance optique et un pouvoir créatif sans égal. C\'est le premier zoom au monde à proposer une telle ouverture de F1.8 et une qualité d\'image digne des meilleures focales fixes de la ligne Art par SIGMA.\r\n\r\nOptimisé pour les reflex à capteur APS-C\r\nZoom standard lumineux à ouverture constante\r\nPersonnalisable via la nouvelle station d\'accueil exclusive SIGMA USB DOCK\r\nUn objectif parfaitement adapté à la vidéo sur reflex et hybride et apprécié des vidéastes\r\n“Made in Japan”\r\n\r\nTout le processus de fabrication de Sigma, des moules de fabrication à l\'usinage des différentes pièces, est entièrement assuré, à de rares exceptions près, au Japon dans notre unité de production intégrée.Nous sommes l\'un des rares fabricants dont les produits sont tous \"made in Japan\". Nous voulons croire que nos produits sont d\'une certaine manière imprégnés de ce qui fait notre terre d\'origine, avec son air pur, son eau limpide et son peuple dur à la tâche. Nous sommes fiers de la qualité authentique des produits Sigma, nés du mariage d\'une longue expertise et des technologies les plus sophistiquées. Nos produits satisfont les professionnels et les passionnés de la photographie partout dans le monde parce que notre production s\'appuie sur un état d\'esprit artisanal qu\'étayent la passion et l\'engagement de nos experts', '575,992', '719,99', 'Image/Boutique/Objectif', '18-35-ART-DC-HSM-f1-42.8.png', 1),
(44, 'Sigma ART 18-35 mm f/1.8 DC HSM', 'Un objectif unique : la qualité de trois belles focales fixes, le coté pratique d\'un zoom\r\n\r\nCe zoom standard pour capteur APS-C est le tout premier au monde à offrir une ouverture maximale de F1,8 sur toute la plage de focales. Digne représentant de la ligne Art, sa conception a été développée dans le but de proposer le plus haut niveau de performance optique et un pouvoir créatif sans égal. C\'est le premier zoom au monde à proposer une telle ouverture de F1.8 et une qualité d\'image digne des meilleures focales fixes de la ligne Art par SIGMA.\r\n\r\nOptimisé pour les reflex à capteur APS-C\r\nZoom standard lumineux à ouverture constante\r\nPersonnalisable via la nouvelle station d\'accueil exclusive SIGMA USB DOCK\r\nUn objectif parfaitement adapté à la vidéo sur reflex et hybride et apprécié des vidéastes\r\n“Made in Japan”\r\n\r\nTout le processus de fabrication de Sigma, des moules de fabrication à l\'usinage des différentes pièces, est entièrement assuré, à de rares exceptions près, au Japon dans notre unité de production intégrée.Nous sommes l\'un des rares fabricants dont les produits sont tous \"made in Japan\". Nous voulons croire que nos produits sont d\'une certaine manière imprégnés de ce qui fait notre terre d\'origine, avec son air pur, son eau limpide et son peuple dur à la tâche. Nous sommes fiers de la qualité authentique des produits Sigma, nés du mariage d\'une longue expertise et des technologies les plus sophistiquées. Nos produits satisfont les professionnels et les passionnés de la photographie partout dans le monde parce que notre production s\'appuie sur un état d\'esprit artisanal qu\'étayent la passion et l\'engagement de nos experts', '575,992', '719,99', 'Image/Boutique/Objectif', '18-35-ART-DC-HSM-f1-42.8.png', 1),
(45, 'Sigma ART 18-35 mm f/1.8 DC HSM', 'Un objectif unique : la qualité de trois belles focales fixes, le coté pratique d\'un zoom\r\n\r\nCe zoom standard pour capteur APS-C est le tout premier au monde à offrir une ouverture maximale de F1,8 sur toute la plage de focales. Digne représentant de la ligne Art, sa conception a été développée dans le but de proposer le plus haut niveau de performance optique et un pouvoir créatif sans égal. C\'est le premier zoom au monde à proposer une telle ouverture de F1.8 et une qualité d\'image digne des meilleures focales fixes de la ligne Art par SIGMA.\r\n\r\nOptimisé pour les reflex à capteur APS-C\r\nZoom standard lumineux à ouverture constante\r\nPersonnalisable via la nouvelle station d\'accueil exclusive SIGMA USB DOCK\r\nUn objectif parfaitement adapté à la vidéo sur reflex et hybride et apprécié des vidéastes\r\n“Made in Japan”\r\n\r\nTout le processus de fabrication de Sigma, des moules de fabrication à l\'usinage des différentes pièces, est entièrement assuré, à de rares exceptions près, au Japon dans notre unité de production intégrée.Nous sommes l\'un des rares fabricants dont les produits sont tous \"made in Japan\". Nous voulons croire que nos produits sont d\'une certaine manière imprégnés de ce qui fait notre terre d\'origine, avec son air pur, son eau limpide et son peuple dur à la tâche. Nous sommes fiers de la qualité authentique des produits Sigma, nés du mariage d\'une longue expertise et des technologies les plus sophistiquées. Nos produits satisfont les professionnels et les passionnés de la photographie partout dans le monde parce que notre production s\'appuie sur un état d\'esprit artisanal qu\'étayent la passion et l\'engagement de nos experts', '575,992', '719,99', 'Image/Boutique/Objectif', '18-35-ART-DC-HSM-f1-42.8.png', 1);
INSERT INTO `produit` (`id`, `nom`, `description`, `prix_ht`, `prix_ttc`, `img_folder`, `img`, `id_categorie`) VALUES
(46, 'Sigma ART 18-35 mm f/1.8 DC HSM', 'Un objectif unique : la qualité de trois belles focales fixes, le coté pratique d\'un zoom\r\n\r\nCe zoom standard pour capteur APS-C est le tout premier au monde à offrir une ouverture maximale de F1,8 sur toute la plage de focales. Digne représentant de la ligne Art, sa conception a été développée dans le but de proposer le plus haut niveau de performance optique et un pouvoir créatif sans égal. C\'est le premier zoom au monde à proposer une telle ouverture de F1.8 et une qualité d\'image digne des meilleures focales fixes de la ligne Art par SIGMA.\r\n\r\nOptimisé pour les reflex à capteur APS-C\r\nZoom standard lumineux à ouverture constante\r\nPersonnalisable via la nouvelle station d\'accueil exclusive SIGMA USB DOCK\r\nUn objectif parfaitement adapté à la vidéo sur reflex et hybride et apprécié des vidéastes\r\n“Made in Japan”\r\n\r\nTout le processus de fabrication de Sigma, des moules de fabrication à l\'usinage des différentes pièces, est entièrement assuré, à de rares exceptions près, au Japon dans notre unité de production intégrée.Nous sommes l\'un des rares fabricants dont les produits sont tous \"made in Japan\". Nous voulons croire que nos produits sont d\'une certaine manière imprégnés de ce qui fait notre terre d\'origine, avec son air pur, son eau limpide et son peuple dur à la tâche. Nous sommes fiers de la qualité authentique des produits Sigma, nés du mariage d\'une longue expertise et des technologies les plus sophistiquées. Nos produits satisfont les professionnels et les passionnés de la photographie partout dans le monde parce que notre production s\'appuie sur un état d\'esprit artisanal qu\'étayent la passion et l\'engagement de nos experts', '575,992', '719,99', 'Image/Boutique/Objectif', '18-35-ART-DC-HSM-f1-42.8.png', 1),
(47, 'Sigma ART 18-35 mm f/1.8 DC HSM', 'Un objectif unique : la qualité de trois belles focales fixes, le coté pratique d\'un zoom\r\n\r\nCe zoom standard pour capteur APS-C est le tout premier au monde à offrir une ouverture maximale de F1,8 sur toute la plage de focales. Digne représentant de la ligne Art, sa conception a été développée dans le but de proposer le plus haut niveau de performance optique et un pouvoir créatif sans égal. C\'est le premier zoom au monde à proposer une telle ouverture de F1.8 et une qualité d\'image digne des meilleures focales fixes de la ligne Art par SIGMA.\r\n\r\nOptimisé pour les reflex à capteur APS-C\r\nZoom standard lumineux à ouverture constante\r\nPersonnalisable via la nouvelle station d\'accueil exclusive SIGMA USB DOCK\r\nUn objectif parfaitement adapté à la vidéo sur reflex et hybride et apprécié des vidéastes\r\n“Made in Japan”\r\n\r\nTout le processus de fabrication de Sigma, des moules de fabrication à l\'usinage des différentes pièces, est entièrement assuré, à de rares exceptions près, au Japon dans notre unité de production intégrée.Nous sommes l\'un des rares fabricants dont les produits sont tous \"made in Japan\". Nous voulons croire que nos produits sont d\'une certaine manière imprégnés de ce qui fait notre terre d\'origine, avec son air pur, son eau limpide et son peuple dur à la tâche. Nous sommes fiers de la qualité authentique des produits Sigma, nés du mariage d\'une longue expertise et des technologies les plus sophistiquées. Nos produits satisfont les professionnels et les passionnés de la photographie partout dans le monde parce que notre production s\'appuie sur un état d\'esprit artisanal qu\'étayent la passion et l\'engagement de nos experts', '575,992', '719,99', 'Image/Boutique/Objectif', '18-35-ART-DC-HSM-f1-42.8.png', 1),
(48, 'Sigma ART 18-35 mm f/1.8 DC HSM', 'Un objectif unique : la qualité de trois belles focales fixes, le coté pratique d\'un zoom\r\n\r\nCe zoom standard pour capteur APS-C est le tout premier au monde à offrir une ouverture maximale de F1,8 sur toute la plage de focales. Digne représentant de la ligne Art, sa conception a été développée dans le but de proposer le plus haut niveau de performance optique et un pouvoir créatif sans égal. C\'est le premier zoom au monde à proposer une telle ouverture de F1.8 et une qualité d\'image digne des meilleures focales fixes de la ligne Art par SIGMA.\r\n\r\nOptimisé pour les reflex à capteur APS-C\r\nZoom standard lumineux à ouverture constante\r\nPersonnalisable via la nouvelle station d\'accueil exclusive SIGMA USB DOCK\r\nUn objectif parfaitement adapté à la vidéo sur reflex et hybride et apprécié des vidéastes\r\n“Made in Japan”\r\n\r\nTout le processus de fabrication de Sigma, des moules de fabrication à l\'usinage des différentes pièces, est entièrement assuré, à de rares exceptions près, au Japon dans notre unité de production intégrée.Nous sommes l\'un des rares fabricants dont les produits sont tous \"made in Japan\". Nous voulons croire que nos produits sont d\'une certaine manière imprégnés de ce qui fait notre terre d\'origine, avec son air pur, son eau limpide et son peuple dur à la tâche. Nous sommes fiers de la qualité authentique des produits Sigma, nés du mariage d\'une longue expertise et des technologies les plus sophistiquées. Nos produits satisfont les professionnels et les passionnés de la photographie partout dans le monde parce que notre production s\'appuie sur un état d\'esprit artisanal qu\'étayent la passion et l\'engagement de nos experts', '575,992', '719,99', 'Image/Boutique/Objectif', '18-35-ART-DC-HSM-f1-42.8.png', 1),
(49, 'Velbon VULTRA655A', 'Le Velbon Ultra 655 est un trépied solide et polyvalent.\r\nLe trépied photo Velbon Ultra 655 est un trépied robuste et polyvalent, avec sa fabrication en aluminium et ses 5 segments pour permettre un réglage précis de la hauteur, indépendamment de chacun des pieds. \r\n\r\nSa charge maximale de 4Kg lui permet d\'être utilisé avec une large gamme de boîtiers et objectifs. \r\nLe Velbon Ultra 655 se déplie en moins de 30 secondes, pour une mise en place rapide.\r\n\r\nLa colonne de 30mm de diamètre du Velbon Ultra 655 peut être raccourcie pour permettre de descendre le boitier à seulement quelques centimètres du sol et ainsi offrir une nouvelle perspective aux photos.\r\n\r\nUne fois replié, le trépied Velbon Ultra 655 ne fait plus que 37cm, ce qui en fait un accessoire facilement transportable.\r\nDécouvrez notre gamme de produits VELBON.', '79,99', '99,99', 'Image/Boutique/Accessoires', '613bW5aSuIL._AC_SX679_.png', 3),
(50, 'Velbon VULTRA655A', 'Le Velbon Ultra 655 est un trépied solide et polyvalent.\r\nLe trépied photo Velbon Ultra 655 est un trépied robuste et polyvalent, avec sa fabrication en aluminium et ses 5 segments pour permettre un réglage précis de la hauteur, indépendamment de chacun des pieds. \r\n\r\nSa charge maximale de 4Kg lui permet d\'être utilisé avec une large gamme de boîtiers et objectifs. \r\nLe Velbon Ultra 655 se déplie en moins de 30 secondes, pour une mise en place rapide.\r\n\r\nLa colonne de 30mm de diamètre du Velbon Ultra 655 peut être raccourcie pour permettre de descendre le boitier à seulement quelques centimètres du sol et ainsi offrir une nouvelle perspective aux photos.\r\n\r\nUne fois replié, le trépied Velbon Ultra 655 ne fait plus que 37cm, ce qui en fait un accessoire facilement transportable.\r\nDécouvrez notre gamme de produits VELBON.', '79,99', '99,99', 'Image/Boutique/Accessoires', '613bW5aSuIL._AC_SX679_.png', 3),
(51, 'Velbon VULTRA655A', 'Le Velbon Ultra 655 est un trépied solide et polyvalent.\r\nLe trépied photo Velbon Ultra 655 est un trépied robuste et polyvalent, avec sa fabrication en aluminium et ses 5 segments pour permettre un réglage précis de la hauteur, indépendamment de chacun des pieds. \r\n\r\nSa charge maximale de 4Kg lui permet d\'être utilisé avec une large gamme de boîtiers et objectifs. \r\nLe Velbon Ultra 655 se déplie en moins de 30 secondes, pour une mise en place rapide.\r\n\r\nLa colonne de 30mm de diamètre du Velbon Ultra 655 peut être raccourcie pour permettre de descendre le boitier à seulement quelques centimètres du sol et ainsi offrir une nouvelle perspective aux photos.\r\n\r\nUne fois replié, le trépied Velbon Ultra 655 ne fait plus que 37cm, ce qui en fait un accessoire facilement transportable.\r\nDécouvrez notre gamme de produits VELBON.', '79,99', '99,99', 'Image/Boutique/Accessoires', '613bW5aSuIL._AC_SX679_.png', 3),
(52, 'Velbon VULTRA655A', 'Le Velbon Ultra 655 est un trépied solide et polyvalent.\r\nLe trépied photo Velbon Ultra 655 est un trépied robuste et polyvalent, avec sa fabrication en aluminium et ses 5 segments pour permettre un réglage précis de la hauteur, indépendamment de chacun des pieds. \r\n\r\nSa charge maximale de 4Kg lui permet d\'être utilisé avec une large gamme de boîtiers et objectifs. \r\nLe Velbon Ultra 655 se déplie en moins de 30 secondes, pour une mise en place rapide.\r\n\r\nLa colonne de 30mm de diamètre du Velbon Ultra 655 peut être raccourcie pour permettre de descendre le boitier à seulement quelques centimètres du sol et ainsi offrir une nouvelle perspective aux photos.\r\n\r\nUne fois replié, le trépied Velbon Ultra 655 ne fait plus que 37cm, ce qui en fait un accessoire facilement transportable.\r\nDécouvrez notre gamme de produits VELBON.', '79,99', '99,99', 'Image/Boutique/Accessoires', '613bW5aSuIL._AC_SX679_.png', 3),
(53, 'Velbon VULTRA655A', 'Le Velbon Ultra 655 est un trépied solide et polyvalent.\r\nLe trépied photo Velbon Ultra 655 est un trépied robuste et polyvalent, avec sa fabrication en aluminium et ses 5 segments pour permettre un réglage précis de la hauteur, indépendamment de chacun des pieds. \r\n\r\nSa charge maximale de 4Kg lui permet d\'être utilisé avec une large gamme de boîtiers et objectifs. \r\nLe Velbon Ultra 655 se déplie en moins de 30 secondes, pour une mise en place rapide.\r\n\r\nLa colonne de 30mm de diamètre du Velbon Ultra 655 peut être raccourcie pour permettre de descendre le boitier à seulement quelques centimètres du sol et ainsi offrir une nouvelle perspective aux photos.\r\n\r\nUne fois replié, le trépied Velbon Ultra 655 ne fait plus que 37cm, ce qui en fait un accessoire facilement transportable.\r\nDécouvrez notre gamme de produits VELBON.', '79,99', '99,99', 'Image/Boutique/Accessoires', '613bW5aSuIL._AC_SX679_.png', 3),
(54, 'Velbon VULTRA655A', 'Le Velbon Ultra 655 est un trépied solide et polyvalent.\r\nLe trépied photo Velbon Ultra 655 est un trépied robuste et polyvalent, avec sa fabrication en aluminium et ses 5 segments pour permettre un réglage précis de la hauteur, indépendamment de chacun des pieds. \r\n\r\nSa charge maximale de 4Kg lui permet d\'être utilisé avec une large gamme de boîtiers et objectifs. \r\nLe Velbon Ultra 655 se déplie en moins de 30 secondes, pour une mise en place rapide.\r\n\r\nLa colonne de 30mm de diamètre du Velbon Ultra 655 peut être raccourcie pour permettre de descendre le boitier à seulement quelques centimètres du sol et ainsi offrir une nouvelle perspective aux photos.\r\n\r\nUne fois replié, le trépied Velbon Ultra 655 ne fait plus que 37cm, ce qui en fait un accessoire facilement transportable.\r\nDécouvrez notre gamme de produits VELBON.', '79,99', '99,99', 'Image/Boutique/Accessoires', '613bW5aSuIL._AC_SX679_.png', 3),
(55, 'Velbon VULTRA655A', 'Le Velbon Ultra 655 est un trépied solide et polyvalent.\r\nLe trépied photo Velbon Ultra 655 est un trépied robuste et polyvalent, avec sa fabrication en aluminium et ses 5 segments pour permettre un réglage précis de la hauteur, indépendamment de chacun des pieds. \r\n\r\nSa charge maximale de 4Kg lui permet d\'être utilisé avec une large gamme de boîtiers et objectifs. \r\nLe Velbon Ultra 655 se déplie en moins de 30 secondes, pour une mise en place rapide.\r\n\r\nLa colonne de 30mm de diamètre du Velbon Ultra 655 peut être raccourcie pour permettre de descendre le boitier à seulement quelques centimètres du sol et ainsi offrir une nouvelle perspective aux photos.\r\n\r\nUne fois replié, le trépied Velbon Ultra 655 ne fait plus que 37cm, ce qui en fait un accessoire facilement transportable.\r\nDécouvrez notre gamme de produits VELBON.', '79,99', '99,99', 'Image/Boutique/Accessoires', '613bW5aSuIL._AC_SX679_.png', 3),
(56, 'Velbon VULTRA655A', 'Le Velbon Ultra 655 est un trépied solide et polyvalent.\r\nLe trépied photo Velbon Ultra 655 est un trépied robuste et polyvalent, avec sa fabrication en aluminium et ses 5 segments pour permettre un réglage précis de la hauteur, indépendamment de chacun des pieds. \r\n\r\nSa charge maximale de 4Kg lui permet d\'être utilisé avec une large gamme de boîtiers et objectifs. \r\nLe Velbon Ultra 655 se déplie en moins de 30 secondes, pour une mise en place rapide.\r\n\r\nLa colonne de 30mm de diamètre du Velbon Ultra 655 peut être raccourcie pour permettre de descendre le boitier à seulement quelques centimètres du sol et ainsi offrir une nouvelle perspective aux photos.\r\n\r\nUne fois replié, le trépied Velbon Ultra 655 ne fait plus que 37cm, ce qui en fait un accessoire facilement transportable.\r\nDécouvrez notre gamme de produits VELBON.', '79,99', '99,99', 'Image/Boutique/Accessoires', '613bW5aSuIL._AC_SX679_.png', 3),
(57, 'Peak Design EVERYDAY BACKPACK', 'Le Velbon Ultra 655 est un trépied solide et polyvalent.\r\nLe trépied photo Velbon Ultra 655 est un trépied robuste et polyvalent, avec sa fabrication en aluminium et ses 5 segments pour permettre un réglage précis de la hauteur, indépendamment de chacun des pieds. \r\n\r\nSa charge maximale de 4Kg lui permet d\'être utilisé avec une large gamme de boîtiers et objectifs. \r\nLe Velbon Ultra 655 se déplie en moins de 30 secondes, pour une mise en place rapide.\r\n\r\nLa colonne de 30mm de diamètre du Velbon Ultra 655 peut être raccourcie pour permettre de descendre le boitier à seulement quelques centimètres du sol et ainsi offrir une nouvelle perspective aux photos.\r\n\r\nUne fois replié, le trépied Velbon Ultra 655 ne fait plus que 37cm, ce qui en fait un accessoire facilement transportable.\r\nDécouvrez notre gamme de produits VELBON.', '189,56', '236,95', 'Image/Boutique/Accessoires', 'ash-a01.png', 3),
(58, 'Peak Design EVERYDAY BACKPACK', 'Le Velbon Ultra 655 est un trépied solide et polyvalent.\r\nLe trépied photo Velbon Ultra 655 est un trépied robuste et polyvalent, avec sa fabrication en aluminium et ses 5 segments pour permettre un réglage précis de la hauteur, indépendamment de chacun des pieds. \r\n\r\nSa charge maximale de 4Kg lui permet d\'être utilisé avec une large gamme de boîtiers et objectifs. \r\nLe Velbon Ultra 655 se déplie en moins de 30 secondes, pour une mise en place rapide.\r\n\r\nLa colonne de 30mm de diamètre du Velbon Ultra 655 peut être raccourcie pour permettre de descendre le boitier à seulement quelques centimètres du sol et ainsi offrir une nouvelle perspective aux photos.\r\n\r\nUne fois replié, le trépied Velbon Ultra 655 ne fait plus que 37cm, ce qui en fait un accessoire facilement transportable.\r\nDécouvrez notre gamme de produits VELBON.', '189,56', '236,95', 'Image/Boutique/Accessoires', 'ash-a01.png', 3),
(59, 'Peak Design EVERYDAY BACKPACK', 'Le Velbon Ultra 655 est un trépied solide et polyvalent.\r\nLe trépied photo Velbon Ultra 655 est un trépied robuste et polyvalent, avec sa fabrication en aluminium et ses 5 segments pour permettre un réglage précis de la hauteur, indépendamment de chacun des pieds. \r\n\r\nSa charge maximale de 4Kg lui permet d\'être utilisé avec une large gamme de boîtiers et objectifs. \r\nLe Velbon Ultra 655 se déplie en moins de 30 secondes, pour une mise en place rapide.\r\n\r\nLa colonne de 30mm de diamètre du Velbon Ultra 655 peut être raccourcie pour permettre de descendre le boitier à seulement quelques centimètres du sol et ainsi offrir une nouvelle perspective aux photos.\r\n\r\nUne fois replié, le trépied Velbon Ultra 655 ne fait plus que 37cm, ce qui en fait un accessoire facilement transportable.\r\nDécouvrez notre gamme de produits VELBON.', '189,56', '236,95', 'Image/Boutique/Accessoires', 'ash-a01.png', 3),
(60, 'Peak Design EVERYDAY BACKPACK', 'Le Velbon Ultra 655 est un trépied solide et polyvalent.\r\nLe trépied photo Velbon Ultra 655 est un trépied robuste et polyvalent, avec sa fabrication en aluminium et ses 5 segments pour permettre un réglage précis de la hauteur, indépendamment de chacun des pieds. \r\n\r\nSa charge maximale de 4Kg lui permet d\'être utilisé avec une large gamme de boîtiers et objectifs. \r\nLe Velbon Ultra 655 se déplie en moins de 30 secondes, pour une mise en place rapide.\r\n\r\nLa colonne de 30mm de diamètre du Velbon Ultra 655 peut être raccourcie pour permettre de descendre le boitier à seulement quelques centimètres du sol et ainsi offrir une nouvelle perspective aux photos.\r\n\r\nUne fois replié, le trépied Velbon Ultra 655 ne fait plus que 37cm, ce qui en fait un accessoire facilement transportable.\r\nDécouvrez notre gamme de produits VELBON.', '189,56', '236,95', 'Image/Boutique/Accessoires', 'ash-a01.png', 3),
(61, 'Peak Design EVERYDAY BACKPACK', 'Le Velbon Ultra 655 est un trépied solide et polyvalent.\r\nLe trépied photo Velbon Ultra 655 est un trépied robuste et polyvalent, avec sa fabrication en aluminium et ses 5 segments pour permettre un réglage précis de la hauteur, indépendamment de chacun des pieds. \r\n\r\nSa charge maximale de 4Kg lui permet d\'être utilisé avec une large gamme de boîtiers et objectifs. \r\nLe Velbon Ultra 655 se déplie en moins de 30 secondes, pour une mise en place rapide.\r\n\r\nLa colonne de 30mm de diamètre du Velbon Ultra 655 peut être raccourcie pour permettre de descendre le boitier à seulement quelques centimètres du sol et ainsi offrir une nouvelle perspective aux photos.\r\n\r\nUne fois replié, le trépied Velbon Ultra 655 ne fait plus que 37cm, ce qui en fait un accessoire facilement transportable.\r\nDécouvrez notre gamme de produits VELBON.', '189,56', '236,95', 'Image/Boutique/Accessoires', 'ash-a01.png', 3),
(62, 'Peak Design EVERYDAY BACKPACK', 'Le Velbon Ultra 655 est un trépied solide et polyvalent.\r\nLe trépied photo Velbon Ultra 655 est un trépied robuste et polyvalent, avec sa fabrication en aluminium et ses 5 segments pour permettre un réglage précis de la hauteur, indépendamment de chacun des pieds. \r\n\r\nSa charge maximale de 4Kg lui permet d\'être utilisé avec une large gamme de boîtiers et objectifs. \r\nLe Velbon Ultra 655 se déplie en moins de 30 secondes, pour une mise en place rapide.\r\n\r\nLa colonne de 30mm de diamètre du Velbon Ultra 655 peut être raccourcie pour permettre de descendre le boitier à seulement quelques centimètres du sol et ainsi offrir une nouvelle perspective aux photos.\r\n\r\nUne fois replié, le trépied Velbon Ultra 655 ne fait plus que 37cm, ce qui en fait un accessoire facilement transportable.\r\nDécouvrez notre gamme de produits VELBON.', '189,56', '236,95', 'Image/Boutique/Accessoires', 'ash-a01.png', 3),
(63, 'Peak Design EVERYDAY BACKPACK', 'Le Velbon Ultra 655 est un trépied solide et polyvalent.\r\nLe trépied photo Velbon Ultra 655 est un trépied robuste et polyvalent, avec sa fabrication en aluminium et ses 5 segments pour permettre un réglage précis de la hauteur, indépendamment de chacun des pieds. \r\n\r\nSa charge maximale de 4Kg lui permet d\'être utilisé avec une large gamme de boîtiers et objectifs. \r\nLe Velbon Ultra 655 se déplie en moins de 30 secondes, pour une mise en place rapide.\r\n\r\nLa colonne de 30mm de diamètre du Velbon Ultra 655 peut être raccourcie pour permettre de descendre le boitier à seulement quelques centimètres du sol et ainsi offrir une nouvelle perspective aux photos.\r\n\r\nUne fois replié, le trépied Velbon Ultra 655 ne fait plus que 37cm, ce qui en fait un accessoire facilement transportable.\r\nDécouvrez notre gamme de produits VELBON.', '189,56', '236,95', 'Image/Boutique/Accessoires', 'ash-a01.png', 3),
(64, 'Peak Design EVERYDAY BACKPACK', 'Le Velbon Ultra 655 est un trépied solide et polyvalent.\r\nLe trépied photo Velbon Ultra 655 est un trépied robuste et polyvalent, avec sa fabrication en aluminium et ses 5 segments pour permettre un réglage précis de la hauteur, indépendamment de chacun des pieds. \r\n\r\nSa charge maximale de 4Kg lui permet d\'être utilisé avec une large gamme de boîtiers et objectifs. \r\nLe Velbon Ultra 655 se déplie en moins de 30 secondes, pour une mise en place rapide.\r\n\r\nLa colonne de 30mm de diamètre du Velbon Ultra 655 peut être raccourcie pour permettre de descendre le boitier à seulement quelques centimètres du sol et ainsi offrir une nouvelle perspective aux photos.\r\n\r\nUne fois replié, le trépied Velbon Ultra 655 ne fait plus que 37cm, ce qui en fait un accessoire facilement transportable.\r\nDécouvrez notre gamme de produits VELBON.', '189,56', '236,95', 'Image/Boutique/Accessoires', 'ash-a01.png', 3);

-- --------------------------------------------------------

--
-- Table structure for table `utilisateurs`
--

CREATE TABLE `utilisateurs` (
  `id` int(11) NOT NULL,
  `login` varchar(255) NOT NULL,
  `password` varchar(255) NOT NULL,
  `nom` varchar(255) NOT NULL,
  `prenom` varchar(255) NOT NULL,
  `email` varchar(255) NOT NULL
) ENGINE=MyISAM DEFAULT CHARSET=latin1;

--
-- Dumping data for table `utilisateurs`
--

INSERT INTO `utilisateurs` (`id`, `login`, `password`, `nom`, `prenom`, `email`) VALUES
(1, 'julia-denivet', '$2y$10$SP0Mv2UCAKdG8XLQEjLoauPMeJTFv.Pb/QEAQT8iXQHlIuKOYNmXi', 'Denivet', 'Julia', 'julia.denivet@laplateforme.io'),
(2, 'juju', '$2y$10$cEkEmJG3dwuaqMUjogmkX.SpCawRIFuwUdAc7XVeYxQyo67zrnjbm', 'Denivet', 'juju', 'julia13118@orange.fr');

--
-- Indexes for dumped tables
--

--
-- Indexes for table `categorie`
--
ALTER TABLE `categorie`
  ADD PRIMARY KEY (`id`);

--
-- Indexes for table `commentaire`
--
ALTER TABLE `commentaire`
  ADD PRIMARY KEY (`id`);

--
-- Indexes for table `favoris`
--
ALTER TABLE `favoris`
  ADD PRIMARY KEY (`id`);

--
-- Indexes for table `panier`
--
ALTER TABLE `panier`
  ADD PRIMARY KEY (`id`);

--
-- Indexes for table `produit`
--
ALTER TABLE `produit`
  ADD PRIMARY KEY (`id`);

--
-- Indexes for table `utilisateurs`
--
ALTER TABLE `utilisateurs`
  ADD PRIMARY KEY (`id`);

--
-- AUTO_INCREMENT for dumped tables
--

--
-- AUTO_INCREMENT for table `categorie`
--
ALTER TABLE `categorie`
  MODIFY `id` int(11) NOT NULL AUTO_INCREMENT, AUTO_INCREMENT=4;

--
-- AUTO_INCREMENT for table `commentaire`
--
ALTER TABLE `commentaire`
  MODIFY `id` int(11) NOT NULL AUTO_INCREMENT;

--
-- AUTO_INCREMENT for table `favoris`
--
ALTER TABLE `favoris`
  MODIFY `id` int(11) NOT NULL AUTO_INCREMENT, AUTO_INCREMENT=5;

--
-- AUTO_INCREMENT for table `panier`
--
ALTER TABLE `panier`
  MODIFY `id` int(11) NOT NULL AUTO_INCREMENT;

--
-- AUTO_INCREMENT for table `produit`
--
ALTER TABLE `produit`
  MODIFY `id` int(11) NOT NULL AUTO_INCREMENT, AUTO_INCREMENT=65;

--
-- AUTO_INCREMENT for table `utilisateurs`
--
ALTER TABLE `utilisateurs`
  MODIFY `id` int(11) NOT NULL AUTO_INCREMENT, AUTO_INCREMENT=3;
